{
  "train_loss": [
    0.549798377773867,
    0.2653089048201194,
    0.17731019029617415,
    0.13615854745914083,
    0.12194429887696509,
    0.07507199720050098,
    0.08084136068686845,
    0.0755610571060659,
    0.06231509802387679,
    0.056776158144493744,
    0.05758117467185143,
    0.04424734245526609,
    0.051857521189920076,
    0.05300653057156709,
    0.05404391011770921,
    0.06338228508041857,
    0.04259045881330359,
    0.05575821273409334,
    0.02267694052846055,
    0.025311790502691365
  ],
  "train_acc": [
    0.7600638411065792,
    0.8854406809718035,
    0.926937400248271,
    0.945557723000532,
    0.950523142401135,
    0.9712715020393686,
    0.9670154282674233,
    0.9746408937754921,
    0.9776556126972867,
    0.9799609859904238,
    0.980492995211917,
    0.9843943961695336,
    0.9820890228763965,
    0.9803156588047526,
    0.978719631140273,
    0.9774782762901224,
    0.9849264053910268,
    0.9812023408405746,
    0.99272920730626,
    0.9916651888632736
  ],
  "val_loss": [
    0.35178309343230557,
    0.3478072779759075,
    0.3004746994741966,
    0.1109668731725057,
    0.08123974696971041,
    0.05301712728434587,
    0.2524810672012595,
    0.05546483549841207,
    0.1183676702950442,
    0.029206879692729917,
    0.0569625933547092,
    0.05332961440746559,
    0.03995272172298274,
    0.015327579730060452,
    0.03235859885225368,
    0.09607644151215548,
    0.05561788813529585,
    0.03285881593774595,
    0.011576376214327845,
    0.01204155337113872
  ],
  "val_acc": [
    0.8289738430583501,
    0.8490945674044266,
    0.8752515090543259,
    0.9647887323943662,
    0.9637826961770624,
    0.9818913480885312,
    0.8843058350100603,
    0.9828973843058351,
    0.9496981891348089,
    0.9899396378269618,
    0.9748490945674044,
    0.9839034205231388,
    0.9869215291750503,
    0.9959758551307847,
    0.9869215291750503,
    0.9637826961770624,
    0.9808853118712274,
    0.9849094567404426,
    0.9969818913480886,
    0.9969818913480886
  ],
  "test_acc": 1.0
}