{
  "baseline_cnn": {
    "accuracy": 1.0,
    "macro_f1": 1.0,
    "per_class": {
      "def_front": {
        "precision": 1.0,
        "recall": 1.0,
        "f1-score": 1.0,
        "support": 453.0
      },
      "ok_front": {
        "precision": 1.0,
        "recall": 1.0,
        "f1-score": 1.0,
        "support": 262.0
      }
    }
  },
  "resnet18_transfer": {
    "accuracy": 0.9972027972027973,
    "macro_f1": 0.9969878502940532,
    "per_class": {
      "def_front": {
        "precision": 0.9977924944812362,
        "recall": 0.9977924944812362,
        "f1-score": 0.9977924944812362,
        "support": 453.0
      },
      "ok_front": {
        "precision": 0.9961832061068703,
        "recall": 0.9961832061068703,
        "f1-score": 0.9961832061068703,
        "support": 262.0
      }
    }
  },
  "hardest_class": "def_front"
}