{
  "train_loss": [
    0.1963290859302491,
    0.0889924323789268,
    0.06019989907722388,
    0.04932211773408275,
    0.05518865247382078,
    0.03515505284354379,
    0.03864333331043214,
    0.0387741213067864,
    0.02547609524404459,
    0.01683194547940999,
    0.02510225864809048,
    0.02256308749663632,
    0.017462006830521976,
    0.016072163756483928,
    0.014068674080610265
  ],
  "train_acc": [
    0.9171838978542295,
    0.9707394928178755,
    0.9771236034757936,
    0.9843943961695336,
    0.9820890228763965,
    0.9879411243128214,
    0.9856357510196844,
    0.9845717325766979,
    0.99272920730626,
    0.9957439262280546,
    0.9920198616776024,
    0.9930838801205888,
    0.9945025713779039,
    0.9955665898208902,
    0.995921262635219
  ],
  "val_loss": [
    0.08866524129124055,
    0.03633910877877468,
    0.03215252434354303,
    0.034305700164670556,
    0.02268166983973514,
    0.026453399639869028,
    0.031194177642066435,
    0.022832620229339694,
    0.01144075384682093,
    0.01704921112145776,
    0.01647883821541155,
    0.014539955282711257,
    0.015187844813288767,
    0.010552359315588327,
    0.009009337213505959
  ],
  "val_acc": [
    0.9668008048289738,
    0.9869215291750503,
    0.9919517102615694,
    0.9879275653923542,
    0.9959758551307847,
    0.9929577464788732,
    0.9899396378269618,
    0.9959758551307847,
    0.9969818913480886,
    0.9959758551307847,
    0.9959758551307847,
    0.9969818913480886,
    0.993963782696177,
    0.9969818913480886,
    0.9969818913480886
  ],
  "test_acc": 0.9972027972027973
}